owner_org_title,owner_org,annual_budget,num_employees
Agriculture and Agri-Food Canada,atssc-scdata,60256967,75976
Accessibility Standards Canada,aafc-aac,9374190,19470
Administrative Tribunals Support Service of Canada,aafc-aac,33772098,38120
Administrative Tribunals Support Service of Canada,aafc-aac,75003053,38390
Accessibility Standards Canada,aafc-aac,54078144,5082
Accessibility Standards Canada,atssc-scdata,52689614,4853
Administrative Tribunals Support Service of Canada,aafc-aac,86802156,85966
Administrative Tribunals Support Service of Canada,casdo-ocena,99662921,50406
Agriculture and Agri-Food Canada,atssc-scdata,50990526,19487
Accessibility Standards Canada,atssc-scdata,73443785,19326
Accessibility Standards Canada,aafc-aac,77321175,93555
Agriculture and Agri-Food Canada,aafc-aac,22571203,43988
Administrative Tribunals Support Service of Canada,casdo-ocena,90821446,74671
Agriculture and Agri-Food Canada,casdo-ocena,39545369,51182
Accessibility Standards Canada,casdo-ocena,41864973,75203
Accessibility Standards Canada,casdo-ocena,27840441,86677
Administrative Tribunals Support Service of Canada,atssc-scdata,7681677,22730
Administrative Tribunals Support Service of Canada,casdo-ocena,50730279,79813
Accessibility Standards Canada,atssc-scdata,93776832,74637
Accessibility Standards Canada,atssc-scdata,13867558,84784
Agriculture and Agri-Food Canada,atssc-scdata,30007788,83541
Administrative Tribunals Support Service of Canada,atssc-scdata,83547943,31546
Accessibility Standards Canada,aafc-aac,52629348,57115
Accessibility Standards Canada,casdo-ocena,68075313,3063
Accessibility Standards Canada,aafc-aac,89373825,53833
Accessibility Standards Canada,casdo-ocena,51845886,25242
Accessibility Standards Canada,casdo-ocena,83131133,50998
Accessibility Standards Canada,atssc-scdata,76987691,78355
Accessibility Standards Canada,casdo-ocena,62044876,97892
Accessibility Standards Canada,casdo-ocena,63948734,28128
Administrative Tribunals Support Service of Canada,casdo-ocena,74931139,2137
Administrative Tribunals Support Service of Canada,casdo-ocena,68597159,20199
Administrative Tribunals Support Service of Canada,aafc-aac,25578815,10213
Accessibility Standards Canada,atssc-scdata,7082832,40973
Administrative Tribunals Support Service of Canada,atssc-scdata,42312409,92339
Agriculture and Agri-Food Canada,casdo-ocena,28679608,74738
Accessibility Standards Canada,casdo-ocena,30259811,10121
Accessibility Standards Canada,casdo-ocena,36214478,1129
Accessibility Standards Canada,aafc-aac,98364984,25724
Accessibility Standards Canada,casdo-ocena,37430260,75829
Accessibility Standards Canada,casdo-ocena,93743231,44548
Accessibility Standards Canada,aafc-aac,13882769,14713
Agriculture and Agri-Food Canada,atssc-scdata,83925181,9482
Accessibility Standards Canada,casdo-ocena,98328166,42067
Agriculture and Agri-Food Canada,aafc-aac,95663029,4285
Administrative Tribunals Support Service of Canada,atssc-scdata,85823772,13498
Agriculture and Agri-Food Canada,casdo-ocena,93122522,80899
Accessibility Standards Canada,casdo-ocena,54431101,83424
Agriculture and Agri-Food Canada,atssc-scdata,19393642,49607
Agriculture and Agri-Food Canada,casdo-ocena,58607476,11865
Administrative Tribunals Support Service of Canada,aafc-aac,81141233,22332
Administrative Tribunals Support Service of Canada,aafc-aac,79571936,6356
Accessibility Standards Canada,aafc-aac,19799305,31217
Agriculture and Agri-Food Canada,aafc-aac,99846703,43764
Agriculture and Agri-Food Canada,aafc-aac,17866549,39682
Accessibility Standards Canada,aafc-aac,61826447,59140
Agriculture and Agri-Food Canada,casdo-ocena,15512462,99708
Accessibility Standards Canada,atssc-scdata,36668064,18786
Administrative Tribunals Support Service of Canada,casdo-ocena,59607070,6684
Administrative Tribunals Support Service of Canada,atssc-scdata,43733788,81156
Administrative Tribunals Support Service of Canada,atssc-scdata,95188214,24252
Administrative Tribunals Support Service of Canada,atssc-scdata,83812031,73369
Accessibility Standards Canada,casdo-ocena,82992347,16362
Accessibility Standards Canada,aafc-aac,89722184,54254
Accessibility Standards Canada,casdo-ocena,36287303,96401
Administrative Tribunals Support Service of Canada,atssc-scdata,97099917,18281
Agriculture and Agri-Food Canada,casdo-ocena,72112084,3172
Accessibility Standards Canada,aafc-aac,19818907,56722
Administrative Tribunals Support Service of Canada,aafc-aac,67884624,18981
Administrative Tribunals Support Service of Canada,atssc-scdata,14400615,60405
Administrative Tribunals Support Service of Canada,atssc-scdata,7405826,73642
Accessibility Standards Canada,aafc-aac,70566450,46220
Accessibility Standards Canada,atssc-scdata,63102435,74691
Administrative Tribunals Support Service of Canada,aafc-aac,13872884,1732
Administrative Tribunals Support Service of Canada,aafc-aac,43238054,89530
Administrative Tribunals Support Service of Canada,casdo-ocena,85136347,11202
Agriculture and Agri-Food Canada,casdo-ocena,14935984,22996
Accessibility Standards Canada,casdo-ocena,16150755,89690
Accessibility Standards Canada,atssc-scdata,27399422,79428
Administrative Tribunals Support Service of Canada,atssc-scdata,61415825,48760
Agriculture and Agri-Food Canada,atssc-scdata,32155559,10768
Accessibility Standards Canada,aafc-aac,52664160,93001
Agriculture and Agri-Food Canada,aafc-aac,15653255,64591
Accessibility Standards Canada,atssc-scdata,95609265,26105
Agriculture and Agri-Food Canada,atssc-scdata,10487475,33817
Agriculture and Agri-Food Canada,atssc-scdata,50871061,62717
Agriculture and Agri-Food Canada,atssc-scdata,89809179,86928
Accessibility Standards Canada,aafc-aac,32782776,58304
Administrative Tribunals Support Service of Canada,atssc-scdata,55244181,19019
Accessibility Standards Canada,aafc-aac,73532799,84660
Administrative Tribunals Support Service of Canada,aafc-aac,39259272,82903
Agriculture and Agri-Food Canada,atssc-scdata,43461600,46751
Administrative Tribunals Support Service of Canada,atssc-scdata,14612433,90251
Accessibility Standards Canada,atssc-scdata,85292423,94295
Accessibility Standards Canada,atssc-scdata,67006553,96269
Administrative Tribunals Support Service of Canada,aafc-aac,10126248,51432
Administrative Tribunals Support Service of Canada,atssc-scdata,93323232,77494
Agriculture and Agri-Food Canada,aafc-aac,76944586,37143
Administrative Tribunals Support Service of Canada,atssc-scdata,15995075,2642
Accessibility Standards Canada,atssc-scdata,66274412,17138
Administrative Tribunals Support Service of Canada,aafc-aac,12226352,20671
Administrative Tribunals Support Service of Canada,atssc-scdata,90910669,78157
Administrative Tribunals Support Service of Canada,atssc-scdata,98157168,8945
Administrative Tribunals Support Service of Canada,atssc-scdata,69299504,23078
Administrative Tribunals Support Service of Canada,aafc-aac,78807958,73592
Agriculture and Agri-Food Canada,aafc-aac,81663383,97018
Administrative Tribunals Support Service of Canada,atssc-scdata,6526667,13314
Accessibility Standards Canada,aafc-aac,94840993,63069
Agriculture and Agri-Food Canada,aafc-aac,71170126,40491
Administrative Tribunals Support Service of Canada,casdo-ocena,33969606,36250
Administrative Tribunals Support Service of Canada,casdo-ocena,24645888,66166
Agriculture and Agri-Food Canada,aafc-aac,57933582,28670
Agriculture and Agri-Food Canada,casdo-ocena,38107403,91573
Administrative Tribunals Support Service of Canada,atssc-scdata,18071316,61088
Administrative Tribunals Support Service of Canada,atssc-scdata,86128291,39424
Agriculture and Agri-Food Canada,aafc-aac,80049530,834
Administrative Tribunals Support Service of Canada,aafc-aac,35696630,62946
Administrative Tribunals Support Service of Canada,aafc-aac,35366426,87435
Accessibility Standards Canada,aafc-aac,46082966,82214
Accessibility Standards Canada,casdo-ocena,86325234,33996
Accessibility Standards Canada,atssc-scdata,24155299,11913
Agriculture and Agri-Food Canada,aafc-aac,59751219,10331
Accessibility Standards Canada,casdo-ocena,17099475,63282
Agriculture and Agri-Food Canada,aafc-aac,71882707,65874
Administrative Tribunals Support Service of Canada,casdo-ocena,97818312,7672
Agriculture and Agri-Food Canada,aafc-aac,68010353,13579
Accessibility Standards Canada,casdo-ocena,98964563,94898
Agriculture and Agri-Food Canada,atssc-scdata,78087954,79000
Agriculture and Agri-Food Canada,atssc-scdata,24506788,63141
Administrative Tribunals Support Service of Canada,casdo-ocena,44639776,24536
Agriculture and Agri-Food Canada,aafc-aac,96527870,65546
Accessibility Standards Canada,aafc-aac,54546646,81644
Agriculture and Agri-Food Canada,atssc-scdata,47830615,72884
Accessibility Standards Canada,atssc-scdata,95979549,74990
Accessibility Standards Canada,aafc-aac,95735290,94687
Agriculture and Agri-Food Canada,atssc-scdata,39333537,43692
Agriculture and Agri-Food Canada,casdo-ocena,5504490,14882
Agriculture and Agri-Food Canada,atssc-scdata,56031177,19750
Administrative Tribunals Support Service of Canada,casdo-ocena,67330426,18294
Accessibility Standards Canada,atssc-scdata,11453853,40957
Accessibility Standards Canada,casdo-ocena,28100818,94035
Accessibility Standards Canada,casdo-ocena,94243221,86573
Agriculture and Agri-Food Canada,casdo-ocena,32643210,68491
Accessibility Standards Canada,casdo-ocena,37299149,20242
Administrative Tribunals Support Service of Canada,atssc-scdata,6093836,91996
Accessibility Standards Canada,atssc-scdata,81716463,31549
Agriculture and Agri-Food Canada,casdo-ocena,42777058,85304
Agriculture and Agri-Food Canada,atssc-scdata,91463662,30275
Administrative Tribunals Support Service of Canada,aafc-aac,86278371,23099
Administrative Tribunals Support Service of Canada,atssc-scdata,9695840,99145
Administrative Tribunals Support Service of Canada,casdo-ocena,37161833,87639
Administrative Tribunals Support Service of Canada,casdo-ocena,29898030,63823
Accessibility Standards Canada,atssc-scdata,10388483,21929
Agriculture and Agri-Food Canada,casdo-ocena,92098330,55670
Accessibility Standards Canada,casdo-ocena,40787853,27827
Accessibility Standards Canada,aafc-aac,35144684,99015
Administrative Tribunals Support Service of Canada,aafc-aac,25756830,75159
Accessibility Standards Canada,aafc-aac,19744985,89473
Accessibility Standards Canada,aafc-aac,65043508,99478
Administrative Tribunals Support Service of Canada,aafc-aac,27129226,32857
Accessibility Standards Canada,aafc-aac,59492588,46486
Agriculture and Agri-Food Canada,aafc-aac,38072541,95865
Agriculture and Agri-Food Canada,atssc-scdata,15209005,49573
Accessibility Standards Canada,casdo-ocena,50246974,65498
Accessibility Standards Canada,atssc-scdata,99499900,88594
Administrative Tribunals Support Service of Canada,casdo-ocena,24022933,43989
Administrative Tribunals Support Service of Canada,aafc-aac,55756858,47403
Accessibility Standards Canada,aafc-aac,91510529,8273
Agriculture and Agri-Food Canada,casdo-ocena,36280963,5537
Accessibility Standards Canada,aafc-aac,54382175,19940
Administrative Tribunals Support Service of Canada,aafc-aac,33815145,81514
Accessibility Standards Canada,atssc-scdata,90617536,24779
Agriculture and Agri-Food Canada,aafc-aac,10491769,83563
Accessibility Standards Canada,atssc-scdata,35034609,22695
Accessibility Standards Canada,aafc-aac,43321369,59356
Accessibility Standards Canada,casdo-ocena,81965539,85116
Accessibility Standards Canada,atssc-scdata,55916907,79504
Administrative Tribunals Support Service of Canada,aafc-aac,94682968,55756
Agriculture and Agri-Food Canada,casdo-ocena,85108940,96730
Accessibility Standards Canada,aafc-aac,71733715,70650
Accessibility Standards Canada,atssc-scdata,13907414,89122
Agriculture and Agri-Food Canada,atssc-scdata,96060490,32701
Administrative Tribunals Support Service of Canada,aafc-aac,22689663,68222
Accessibility Standards Canada,atssc-scdata,64274108,52138
Accessibility Standards Canada,aafc-aac,54220990,59181
Accessibility Standards Canada,aafc-aac,56757197,12837
Administrative Tribunals Support Service of Canada,atssc-scdata,52184955,94704
Agriculture and Agri-Food Canada,casdo-ocena,37125586,21803
Accessibility Standards Canada,atssc-scdata,94998418,56790
Agriculture and Agri-Food Canada,casdo-ocena,79476575,25854
Agriculture and Agri-Food Canada,casdo-ocena,39897976,36086
Accessibility Standards Canada,atssc-scdata,54771367,86897
Accessibility Standards Canada,atssc-scdata,85196499,70306
Accessibility Standards Canada,aafc-aac,62017255,1027
Administrative Tribunals Support Service of Canada,aafc-aac,52710221,7645
Administrative Tribunals Support Service of Canada,casdo-ocena,27882089,15065
Administrative Tribunals Support Service of Canada,casdo-ocena,48300519,82324
Accessibility Standards Canada,atssc-scdata,8736521,43952
Administrative Tribunals Support Service of Canada,casdo-ocena,6602228,25030
Accessibility Standards Canada,atssc-scdata,87216947,96931
Accessibility Standards Canada,atssc-scdata,49889704,54950
Accessibility Standards Canada,aafc-aac,45882247,26926
Accessibility Standards Canada,casdo-ocena,43217612,44655
Administrative Tribunals Support Service of Canada,aafc-aac,8753851,77112
Administrative Tribunals Support Service of Canada,casdo-ocena,92648608,74672
Administrative Tribunals Support Service of Canada,atssc-scdata,50919280,66919
Accessibility Standards Canada,atssc-scdata,65117071,80593
Agriculture and Agri-Food Canada,aafc-aac,53964395,4904
Agriculture and Agri-Food Canada,casdo-ocena,45473625,87115
Administrative Tribunals Support Service of Canada,aafc-aac,22162978,37524
Accessibility Standards Canada,atssc-scdata,82018038,73534
Administrative Tribunals Support Service of Canada,aafc-aac,5408404,36524
Accessibility Standards Canada,aafc-aac,60128721,73473
Administrative Tribunals Support Service of Canada,atssc-scdata,65604448,24840
Administrative Tribunals Support Service of Canada,casdo-ocena,78369382,42047
Administrative Tribunals Support Service of Canada,casdo-ocena,76383496,71849
Agriculture and Agri-Food Canada,atssc-scdata,8899483,40069
Accessibility Standards Canada,atssc-scdata,71630565,76337
Administrative Tribunals Support Service of Canada,atssc-scdata,80448892,75406
Agriculture and Agri-Food Canada,casdo-ocena,94230190,55494
Agriculture and Agri-Food Canada,atssc-scdata,26707920,49095
Agriculture and Agri-Food Canada,casdo-ocena,39881426,30831
Accessibility Standards Canada,atssc-scdata,30649922,10919
Accessibility Standards Canada,aafc-aac,23826891,57861
Agriculture and Agri-Food Canada,casdo-ocena,92599621,56308
Administrative Tribunals Support Service of Canada,casdo-ocena,92465007,20581
Accessibility Standards Canada,casdo-ocena,23244614,73874
Accessibility Standards Canada,aafc-aac,13173741,17937
Agriculture and Agri-Food Canada,aafc-aac,68097168,82040
Agriculture and Agri-Food Canada,aafc-aac,73624959,55359
Administrative Tribunals Support Service of Canada,aafc-aac,20037208,11409
Administrative Tribunals Support Service of Canada,atssc-scdata,23911661,28632
Administrative Tribunals Support Service of Canada,casdo-ocena,65009421,31586
Agriculture and Agri-Food Canada,atssc-scdata,74858782,75184
Administrative Tribunals Support Service of Canada,atssc-scdata,77026267,90568
Agriculture and Agri-Food Canada,atssc-scdata,86184646,68008
Accessibility Standards Canada,casdo-ocena,96552878,39881
Accessibility Standards Canada,atssc-scdata,64440905,93240
Accessibility Standards Canada,casdo-ocena,50803657,38332
Administrative Tribunals Support Service of Canada,aafc-aac,8430263,85245
Agriculture and Agri-Food Canada,aafc-aac,64812532,66902
Accessibility Standards Canada,aafc-aac,67331250,63418
Accessibility Standards Canada,aafc-aac,47697566,87763
Agriculture and Agri-Food Canada,casdo-ocena,10883849,49800
Accessibility Standards Canada,atssc-scdata,85528430,35515
Accessibility Standards Canada,casdo-ocena,90664981,16145
Agriculture and Agri-Food Canada,aafc-aac,56468345,39032
Accessibility Standards Canada,atssc-scdata,40779769,26039
Accessibility Standards Canada,casdo-ocena,66584036,40497
Accessibility Standards Canada,atssc-scdata,89394662,34537
Agriculture and Agri-Food Canada,aafc-aac,98078249,84991
Agriculture and Agri-Food Canada,atssc-scdata,23044451,2041
Agriculture and Agri-Food Canada,casdo-ocena,51026758,11044
Agriculture and Agri-Food Canada,atssc-scdata,20106345,37131
Accessibility Standards Canada,casdo-ocena,20628949,25222
Agriculture and Agri-Food Canada,casdo-ocena,57690870,95364
Agriculture and Agri-Food Canada,atssc-scdata,37300923,77809
Agriculture and Agri-Food Canada,casdo-ocena,21841569,12686
Agriculture and Agri-Food Canada,aafc-aac,5786688,79654
Administrative Tribunals Support Service of Canada,atssc-scdata,68199393,65926
Agriculture and Agri-Food Canada,casdo-ocena,53560939,52842
Agriculture and Agri-Food Canada,casdo-ocena,84725986,27230
Administrative Tribunals Support Service of Canada,atssc-scdata,74949718,25595
Agriculture and Agri-Food Canada,aafc-aac,50205480,71595
Agriculture and Agri-Food Canada,aafc-aac,16041045,4415
Accessibility Standards Canada,casdo-ocena,19100748,45595
Accessibility Standards Canada,aafc-aac,27892958,88513
Agriculture and Agri-Food Canada,aafc-aac,52679827,43647
Agriculture and Agri-Food Canada,aafc-aac,87432359,49793
Agriculture and Agri-Food Canada,casdo-ocena,97274265,46492
Administrative Tribunals Support Service of Canada,casdo-ocena,77376144,13542
Accessibility Standards Canada,aafc-aac,46035644,29301
Accessibility Standards Canada,atssc-scdata,8289434,84597
Accessibility Standards Canada,aafc-aac,59095473,69129
Agriculture and Agri-Food Canada,aafc-aac,57883316,51042
Administrative Tribunals Support Service of Canada,aafc-aac,37424861,2283
Agriculture and Agri-Food Canada,aafc-aac,96277766,23152
Agriculture and Agri-Food Canada,atssc-scdata,89436733,20105
Agriculture and Agri-Food Canada,aafc-aac,86973741,56883
Administrative Tribunals Support Service of Canada,casdo-ocena,64153151,60631
Administrative Tribunals Support Service of Canada,aafc-aac,40738453,37520
Administrative Tribunals Support Service of Canada,aafc-aac,54104524,23424
Accessibility Standards Canada,aafc-aac,99360125,41749
Administrative Tribunals Support Service of Canada,casdo-ocena,5693996,79816
Administrative Tribunals Support Service of Canada,casdo-ocena,56421541,60313
Accessibility Standards Canada,aafc-aac,46433530,51696
Agriculture and Agri-Food Canada,aafc-aac,86124250,28671
Accessibility Standards Canada,atssc-scdata,34162193,97677
Administrative Tribunals Support Service of Canada,atssc-scdata,24844472,56873
Agriculture and Agri-Food Canada,casdo-ocena,74287861,81901
Accessibility Standards Canada,atssc-scdata,60213584,65597
Agriculture and Agri-Food Canada,casdo-ocena,16171859,70292
Agriculture and Agri-Food Canada,casdo-ocena,5833925,17665
Accessibility Standards Canada,atssc-scdata,96970372,20949
Accessibility Standards Canada,casdo-ocena,15082587,69105
Agriculture and Agri-Food Canada,atssc-scdata,24175659,87884
Accessibility Standards Canada,atssc-scdata,55859060,35675
Agriculture and Agri-Food Canada,casdo-ocena,27414005,33981
Agriculture and Agri-Food Canada,casdo-ocena,6972599,37521
Accessibility Standards Canada,atssc-scdata,67418300,15865
Agriculture and Agri-Food Canada,casdo-ocena,76595439,62523
Accessibility Standards Canada,atssc-scdata,73803875,65977
Administrative Tribunals Support Service of Canada,atssc-scdata,24172286,58646
Administrative Tribunals Support Service of Canada,atssc-scdata,6068459,450
Agriculture and Agri-Food Canada,aafc-aac,73009033,63722
Administrative Tribunals Support Service of Canada,casdo-ocena,41327222,75162
Agriculture and Agri-Food Canada,casdo-ocena,59459521,51969
Administrative Tribunals Support Service of Canada,atssc-scdata,31562445,10893
Administrative Tribunals Support Service of Canada,aafc-aac,29655360,42051
Agriculture and Agri-Food Canada,aafc-aac,86345098,98848
Agriculture and Agri-Food Canada,casdo-ocena,41503008,53529
Agriculture and Agri-Food Canada,atssc-scdata,43460750,9948
Accessibility Standards Canada,aafc-aac,53407685,86501
Administrative Tribunals Support Service of Canada,casdo-ocena,40825425,93883
Accessibility Standards Canada,aafc-aac,32774446,64562
Accessibility Standards Canada,casdo-ocena,53757079,50421
Agriculture and Agri-Food Canada,atssc-scdata,44812802,21705
Agriculture and Agri-Food Canada,aafc-aac,28720730,52484
Administrative Tribunals Support Service of Canada,casdo-ocena,39688129,73360
Accessibility Standards Canada,casdo-ocena,59224049,53526
Accessibility Standards Canada,aafc-aac,37423272,33510
Administrative Tribunals Support Service of Canada,atssc-scdata,76956025,89171
Accessibility Standards Canada,casdo-ocena,79647788,72798
Accessibility Standards Canada,atssc-scdata,48999739,46903
Accessibility Standards Canada,atssc-scdata,9943581,32574
Accessibility Standards Canada,atssc-scdata,45817235,66907
Administrative Tribunals Support Service of Canada,atssc-scdata,20643451,54632
Agriculture and Agri-Food Canada,aafc-aac,88037960,90369
Agriculture and Agri-Food Canada,atssc-scdata,11093616,75688
Accessibility Standards Canada,casdo-ocena,47303313,9417
Accessibility Standards Canada,aafc-aac,20167462,90889
Administrative Tribunals Support Service of Canada,aafc-aac,63252951,66530
Agriculture and Agri-Food Canada,aafc-aac,54665614,42500
Accessibility Standards Canada,casdo-ocena,37267708,69281
Agriculture and Agri-Food Canada,aafc-aac,17727884,24308
Administrative Tribunals Support Service of Canada,atssc-scdata,99839684,36857
Accessibility Standards Canada,aafc-aac,53521889,32629
Agriculture and Agri-Food Canada,aafc-aac,22723043,94075
Accessibility Standards Canada,aafc-aac,87401680,4828
Administrative Tribunals Support Service of Canada,atssc-scdata,80990615,67516
Accessibility Standards Canada,atssc-scdata,39463568,52705
Accessibility Standards Canada,aafc-aac,7153665,29520
Agriculture and Agri-Food Canada,casdo-ocena,39302111,21538
Accessibility Standards Canada,atssc-scdata,73705080,48027
Administrative Tribunals Support Service of Canada,casdo-ocena,60697316,22083
Administrative Tribunals Support Service of Canada,casdo-ocena,12625250,3338
Accessibility Standards Canada,casdo-ocena,62574166,24348
Agriculture and Agri-Food Canada,atssc-scdata,43334466,37441
Agriculture and Agri-Food Canada,casdo-ocena,8486034,15690
Agriculture and Agri-Food Canada,aafc-aac,42785654,78366
Administrative Tribunals Support Service of Canada,atssc-scdata,45035523,44391
Accessibility Standards Canada,aafc-aac,37571698,75796
Agriculture and Agri-Food Canada,atssc-scdata,64768773,28871
Agriculture and Agri-Food Canada,atssc-scdata,31982534,15160
Accessibility Standards Canada,atssc-scdata,65382798,47683
Agriculture and Agri-Food Canada,aafc-aac,5318333,2818
Agriculture and Agri-Food Canada,atssc-scdata,48918690,13774
Agriculture and Agri-Food Canada,atssc-scdata,26250973,98287
Agriculture and Agri-Food Canada,atssc-scdata,9794081,46911
Accessibility Standards Canada,casdo-ocena,33627137,53340
Agriculture and Agri-Food Canada,aafc-aac,59791844,88295
Agriculture and Agri-Food Canada,casdo-ocena,56256867,98907
Agriculture and Agri-Food Canada,casdo-ocena,70725595,58207
Accessibility Standards Canada,atssc-scdata,29786696,87359
Administrative Tribunals Support Service of Canada,aafc-aac,93993143,94125
Administrative Tribunals Support Service of Canada,aafc-aac,28379146,19184
Accessibility Standards Canada,aafc-aac,66465999,7300
Accessibility Standards Canada,casdo-ocena,99133631,23735
Accessibility Standards Canada,casdo-ocena,51291493,25167
Accessibility Standards Canada,atssc-scdata,85961173,4953
Administrative Tribunals Support Service of Canada,casdo-ocena,84323447,4366
Agriculture and Agri-Food Canada,casdo-ocena,42579792,49783
Accessibility Standards Canada,aafc-aac,95566420,14985
Agriculture and Agri-Food Canada,atssc-scdata,39380060,18924
Accessibility Standards Canada,aafc-aac,81808284,73443
Accessibility Standards Canada,aafc-aac,56202508,88412
Agriculture and Agri-Food Canada,aafc-aac,66371970,87434
Administrative Tribunals Support Service of Canada,casdo-ocena,24184751,8538
Accessibility Standards Canada,casdo-ocena,68471941,35565
Accessibility Standards Canada,atssc-scdata,18145054,21259
Administrative Tribunals Support Service of Canada,atssc-scdata,64104347,41228
Agriculture and Agri-Food Canada,aafc-aac,90056637,68569
Accessibility Standards Canada,aafc-aac,31933389,12183
Accessibility Standards Canada,aafc-aac,19499588,16216
Accessibility Standards Canada,casdo-ocena,53757103,40582
Agriculture and Agri-Food Canada,atssc-scdata,48600676,99066
Administrative Tribunals Support Service of Canada,aafc-aac,91725615,24636
Accessibility Standards Canada,aafc-aac,22652981,44408
Agriculture and Agri-Food Canada,atssc-scdata,13918854,65443
Administrative Tribunals Support Service of Canada,casdo-ocena,49925359,56989
Administrative Tribunals Support Service of Canada,atssc-scdata,95659702,23962
Agriculture and Agri-Food Canada,casdo-ocena,29354782,62718
Administrative Tribunals Support Service of Canada,aafc-aac,27111213,83437
Agriculture and Agri-Food Canada,atssc-scdata,59037508,33806
Agriculture and Agri-Food Canada,casdo-ocena,91469273,67232
Agriculture and Agri-Food Canada,aafc-aac,52734323,46853
Administrative Tribunals Support Service of Canada,casdo-ocena,19205608,98778
Administrative Tribunals Support Service of Canada,atssc-scdata,96005092,84165
Accessibility Standards Canada,atssc-scdata,11597933,27809
Agriculture and Agri-Food Canada,atssc-scdata,89933336,42039
Accessibility Standards Canada,casdo-ocena,36184982,38896
Agriculture and Agri-Food Canada,aafc-aac,55556087,83027
Accessibility Standards Canada,aafc-aac,38433092,89734
Accessibility Standards Canada,aafc-aac,18211656,59632
Accessibility Standards Canada,casdo-ocena,66304764,96284
Agriculture and Agri-Food Canada,casdo-ocena,42028818,21224
Administrative Tribunals Support Service of Canada,casdo-ocena,8850140,37699
Agriculture and Agri-Food Canada,atssc-scdata,39973293,35490
Agriculture and Agri-Food Canada,atssc-scdata,19984079,45861
Agriculture and Agri-Food Canada,atssc-scdata,90760127,41286
Agriculture and Agri-Food Canada,atssc-scdata,84226626,77257
Agriculture and Agri-Food Canada,casdo-ocena,67546425,40947
Agriculture and Agri-Food Canada,aafc-aac,90359891,78920
Agriculture and Agri-Food Canada,casdo-ocena,69913864,16397
Agriculture and Agri-Food Canada,casdo-ocena,39638647,42676
Agriculture and Agri-Food Canada,casdo-ocena,28987755,25860
Accessibility Standards Canada,atssc-scdata,28705658,73298
Administrative Tribunals Support Service of Canada,atssc-scdata,33190079,85462
Agriculture and Agri-Food Canada,atssc-scdata,78938948,73400
Agriculture and Agri-Food Canada,aafc-aac,30017352,89135
Agriculture and Agri-Food Canada,aafc-aac,65093308,82776
Administrative Tribunals Support Service of Canada,atssc-scdata,34006374,60908
Accessibility Standards Canada,casdo-ocena,42718188,77188
Accessibility Standards Canada,aafc-aac,95920978,12882
Administrative Tribunals Support Service of Canada,casdo-ocena,65260102,58820
Accessibility Standards Canada,atssc-scdata,30604876,63550
Accessibility Standards Canada,casdo-ocena,51687996,22168
Accessibility Standards Canada,atssc-scdata,32213281,31743
Administrative Tribunals Support Service of Canada,casdo-ocena,35944135,13600
Accessibility Standards Canada,atssc-scdata,49423114,37305
Agriculture and Agri-Food Canada,casdo-ocena,6119063,15534
Accessibility Standards Canada,atssc-scdata,51020503,80191
Administrative Tribunals Support Service of Canada,casdo-ocena,84185208,34947
Agriculture and Agri-Food Canada,aafc-aac,14929942,24711
Administrative Tribunals Support Service of Canada,atssc-scdata,46964398,73768
Accessibility Standards Canada,atssc-scdata,23203142,90007
Accessibility Standards Canada,casdo-ocena,91305533,96531
Accessibility Standards Canada,casdo-ocena,48159969,75949
Accessibility Standards Canada,casdo-ocena,32420330,98056
Accessibility Standards Canada,atssc-scdata,36594075,38523
Administrative Tribunals Support Service of Canada,atssc-scdata,43568166,90241
Administrative Tribunals Support Service of Canada,aafc-aac,13243233,13315
Accessibility Standards Canada,aafc-aac,19184593,77320
Administrative Tribunals Support Service of Canada,atssc-scdata,34464333,42188
Agriculture and Agri-Food Canada,aafc-aac,16152992,93565
Administrative Tribunals Support Service of Canada,casdo-ocena,21557943,47701
Administrative Tribunals Support Service of Canada,casdo-ocena,10038223,75989
Agriculture and Agri-Food Canada,aafc-aac,31209329,36563
Agriculture and Agri-Food Canada,casdo-ocena,76542042,56872
Accessibility Standards Canada,casdo-ocena,44236684,44662
Administrative Tribunals Support Service of Canada,aafc-aac,84207589,39952
Administrative Tribunals Support Service of Canada,casdo-ocena,24408155,71691
Administrative Tribunals Support Service of Canada,casdo-ocena,94244295,7452
Administrative Tribunals Support Service of Canada,casdo-ocena,56329404,87815
Administrative Tribunals Support Service of Canada,casdo-ocena,8386335,22998
Agriculture and Agri-Food Canada,aafc-aac,14002492,26886
Agriculture and Agri-Food Canada,atssc-scdata,58977977,83344
Administrative Tribunals Support Service of Canada,aafc-aac,16083300,59173
Agriculture and Agri-Food Canada,atssc-scdata,87100594,97536
Accessibility Standards Canada,atssc-scdata,62076919,59745
Agriculture and Agri-Food Canada,atssc-scdata,31497896,66622
Accessibility Standards Canada,aafc-aac,15973320,31023
Administrative Tribunals Support Service of Canada,aafc-aac,55215411,58294
Accessibility Standards Canada,aafc-aac,28098702,414
Administrative Tribunals Support Service of Canada,aafc-aac,21669834,93327
Administrative Tribunals Support Service of Canada,aafc-aac,78556760,82484
Accessibility Standards Canada,casdo-ocena,6071074,27830
Accessibility Standards Canada,aafc-aac,66379341,20495
Agriculture and Agri-Food Canada,atssc-scdata,59668254,54807
Agriculture and Agri-Food Canada,casdo-ocena,92916293,64217
Administrative Tribunals Support Service of Canada,aafc-aac,6741334,21233
Agriculture and Agri-Food Canada,aafc-aac,79807723,60896
Administrative Tribunals Support Service of Canada,casdo-ocena,62328327,10397
Agriculture and Agri-Food Canada,casdo-ocena,55574372,67097
Accessibility Standards Canada,aafc-aac,88652891,75122
Administrative Tribunals Support Service of Canada,casdo-ocena,54461007,22227
Administrative Tribunals Support Service of Canada,atssc-scdata,43138028,38985
Agriculture and Agri-Food Canada,atssc-scdata,28495603,12459
Agriculture and Agri-Food Canada,aafc-aac,51972082,92210
Agriculture and Agri-Food Canada,casdo-ocena,51712669,91356
Administrative Tribunals Support Service of Canada,aafc-aac,69388531,18376
Agriculture and Agri-Food Canada,atssc-scdata,76761957,79552
Administrative Tribunals Support Service of Canada,atssc-scdata,20536241,14066
Administrative Tribunals Support Service of Canada,casdo-ocena,12117608,6000
Administrative Tribunals Support Service of Canada,aafc-aac,63292139,91576
Administrative Tribunals Support Service of Canada,atssc-scdata,20312402,71455
Administrative Tribunals Support Service of Canada,atssc-scdata,94257251,44914
Accessibility Standards Canada,atssc-scdata,82965243,25875
Agriculture and Agri-Food Canada,casdo-ocena,63389463,454
Accessibility Standards Canada,aafc-aac,96484790,56885
Accessibility Standards Canada,aafc-aac,50603928,72760
Accessibility Standards Canada,atssc-scdata,56003552,74440
Agriculture and Agri-Food Canada,casdo-ocena,76330835,97264
Administrative Tribunals Support Service of Canada,casdo-ocena,14746980,19796
Accessibility Standards Canada,casdo-ocena,43433818,88820
Agriculture and Agri-Food Canada,aafc-aac,26322913,3029
Accessibility Standards Canada,aafc-aac,92921863,52315
Accessibility Standards Canada,atssc-scdata,60705257,37349
Accessibility Standards Canada,aafc-aac,50170414,65267
Accessibility Standards Canada,aafc-aac,84501386,27712
Accessibility Standards Canada,casdo-ocena,76910303,17998
Accessibility Standards Canada,aafc-aac,11715058,86611
Accessibility Standards Canada,aafc-aac,22331546,27753
Accessibility Standards Canada,aafc-aac,6907160,23761
Administrative Tribunals Support Service of Canada,casdo-ocena,77925062,25311
Agriculture and Agri-Food Canada,atssc-scdata,18065080,29866
Accessibility Standards Canada,casdo-ocena,79142942,71725
Agriculture and Agri-Food Canada,aafc-aac,39683243,16909
Agriculture and Agri-Food Canada,aafc-aac,9662283,27535
Agriculture and Agri-Food Canada,atssc-scdata,43493157,52636
Accessibility Standards Canada,aafc-aac,47273462,66530
Accessibility Standards Canada,atssc-scdata,61530392,49863
Administrative Tribunals Support Service of Canada,casdo-ocena,62048619,66530
Accessibility Standards Canada,aafc-aac,75021105,15367
Agriculture and Agri-Food Canada,aafc-aac,51970166,60207
Agriculture and Agri-Food Canada,atssc-scdata,35860036,4893
Administrative Tribunals Support Service of Canada,aafc-aac,37649176,66636
Accessibility Standards Canada,casdo-ocena,27314792,40037
Agriculture and Agri-Food Canada,aafc-aac,39949431,30849
Agriculture and Agri-Food Canada,atssc-scdata,67497896,14521
Agriculture and Agri-Food Canada,casdo-ocena,38085746,82422
Accessibility Standards Canada,aafc-aac,13786589,17507
Agriculture and Agri-Food Canada,casdo-ocena,31913581,72890
Agriculture and Agri-Food Canada,aafc-aac,91191234,68569
Agriculture and Agri-Food Canada,atssc-scdata,35952317,53488
Accessibility Standards Canada,atssc-scdata,22969293,9380
Administrative Tribunals Support Service of Canada,aafc-aac,9743471,39331
Accessibility Standards Canada,casdo-ocena,97167130,40613
Agriculture and Agri-Food Canada,atssc-scdata,74479215,91103
Administrative Tribunals Support Service of Canada,aafc-aac,55554983,48473
Accessibility Standards Canada,aafc-aac,78964963,26039
Administrative Tribunals Support Service of Canada,casdo-ocena,66591098,19576
Administrative Tribunals Support Service of Canada,aafc-aac,21873563,33813
Agriculture and Agri-Food Canada,casdo-ocena,26597541,67260
Agriculture and Agri-Food Canada,aafc-aac,12089781,71455
Agriculture and Agri-Food Canada,atssc-scdata,76355569,40635
Accessibility Standards Canada,aafc-aac,83184582,23672
Agriculture and Agri-Food Canada,aafc-aac,22304656,41724
Administrative Tribunals Support Service of Canada,atssc-scdata,18384554,58454
Administrative Tribunals Support Service of Canada,atssc-scdata,85218084,42255
Accessibility Standards Canada,casdo-ocena,60781786,68918
Administrative Tribunals Support Service of Canada,atssc-scdata,47501063,83030
Agriculture and Agri-Food Canada,aafc-aac,67302636,59817
Agriculture and Agri-Food Canada,atssc-scdata,44398015,15412
Administrative Tribunals Support Service of Canada,atssc-scdata,23357608,88672
Agriculture and Agri-Food Canada,atssc-scdata,97783748,9359
Administrative Tribunals Support Service of Canada,casdo-ocena,52262272,34906
Accessibility Standards Canada,atssc-scdata,42955915,91809
Agriculture and Agri-Food Canada,aafc-aac,29467042,18921
Administrative Tribunals Support Service of Canada,aafc-aac,49321187,48573
Accessibility Standards Canada,casdo-ocena,18212315,47764
Administrative Tribunals Support Service of Canada,aafc-aac,77516204,19801
Accessibility Standards Canada,atssc-scdata,89276168,59919
Administrative Tribunals Support Service of Canada,casdo-ocena,99998616,64258
Administrative Tribunals Support Service of Canada,atssc-scdata,39475914,16278
Agriculture and Agri-Food Canada,casdo-ocena,19986461,99486
Agriculture and Agri-Food Canada,casdo-ocena,36415200,84563
Administrative Tribunals Support Service of Canada,casdo-ocena,30758268,11650
Agriculture and Agri-Food Canada,aafc-aac,85132373,45031
Administrative Tribunals Support Service of Canada,aafc-aac,20293024,90170
Administrative Tribunals Support Service of Canada,aafc-aac,92265895,41287
Agriculture and Agri-Food Canada,casdo-ocena,7090482,77047
Administrative Tribunals Support Service of Canada,aafc-aac,23126712,45630
Administrative Tribunals Support Service of Canada,aafc-aac,32889106,95084
Accessibility Standards Canada,casdo-ocena,62828515,23790
Administrative Tribunals Support Service of Canada,atssc-scdata,99168657,75795
Administrative Tribunals Support Service of Canada,atssc-scdata,33319461,78822
Administrative Tribunals Support Service of Canada,aafc-aac,44995164,71247
Agriculture and Agri-Food Canada,aafc-aac,57506947,42801
Agriculture and Agri-Food Canada,aafc-aac,51133582,33100
Agriculture and Agri-Food Canada,casdo-ocena,64543789,87683
Administrative Tribunals Support Service of Canada,aafc-aac,6466369,16134
Accessibility Standards Canada,casdo-ocena,66371911,90490
Agriculture and Agri-Food Canada,casdo-ocena,29639519,12817
Agriculture and Agri-Food Canada,casdo-ocena,98769643,63067
Agriculture and Agri-Food Canada,aafc-aac,12512264,15174
Administrative Tribunals Support Service of Canada,atssc-scdata,27810219,9779
Agriculture and Agri-Food Canada,aafc-aac,70084029,3560
Agriculture and Agri-Food Canada,atssc-scdata,40398082,95110
Administrative Tribunals Support Service of Canada,atssc-scdata,95882010,95727
Administrative Tribunals Support Service of Canada,aafc-aac,56711086,46869
Accessibility Standards Canada,atssc-scdata,8962494,33953
Agriculture and Agri-Food Canada,casdo-ocena,50938615,92714
Agriculture and Agri-Food Canada,atssc-scdata,9160353,38965
Accessibility Standards Canada,atssc-scdata,37558100,56686
Agriculture and Agri-Food Canada,aafc-aac,98274049,72427
Administrative Tribunals Support Service of Canada,aafc-aac,57691558,14689
Agriculture and Agri-Food Canada,casdo-ocena,65886044,74990
Administrative Tribunals Support Service of Canada,atssc-scdata,60194994,73098
Agriculture and Agri-Food Canada,atssc-scdata,49425123,72991
Accessibility Standards Canada,casdo-ocena,32176819,80834
Accessibility Standards Canada,aafc-aac,52656590,98038
Accessibility Standards Canada,atssc-scdata,98062732,38705
Accessibility Standards Canada,casdo-ocena,45110495,64159
Accessibility Standards Canada,atssc-scdata,30800715,93877
Administrative Tribunals Support Service of Canada,aafc-aac,52780447,78064
Accessibility Standards Canada,atssc-scdata,88948958,64677
Accessibility Standards Canada,casdo-ocena,68428487,4623
Agriculture and Agri-Food Canada,casdo-ocena,18146213,82005
Agriculture and Agri-Food Canada,atssc-scdata,69888408,46973
Accessibility Standards Canada,casdo-ocena,55066640,97383
Agriculture and Agri-Food Canada,casdo-ocena,95302100,10366
Agriculture and Agri-Food Canada,atssc-scdata,56881350,52872
Administrative Tribunals Support Service of Canada,aafc-aac,7305818,28889
Administrative Tribunals Support Service of Canada,atssc-scdata,74162721,46348
Administrative Tribunals Support Service of Canada,aafc-aac,19985982,80950
Administrative Tribunals Support Service of Canada,aafc-aac,17571595,17899
Agriculture and Agri-Food Canada,aafc-aac,33004755,82519
Agriculture and Agri-Food Canada,aafc-aac,49501307,48425
Accessibility Standards Canada,casdo-ocena,48314234,98231
Agriculture and Agri-Food Canada,casdo-ocena,97634035,98663
Accessibility Standards Canada,atssc-scdata,95765540,48693
Administrative Tribunals Support Service of Canada,casdo-ocena,86691999,34575
Administrative Tribunals Support Service of Canada,casdo-ocena,52422433,79223
Administrative Tribunals Support Service of Canada,aafc-aac,78810509,67495
Accessibility Standards Canada,atssc-scdata,96313246,24243
Accessibility Standards Canada,aafc-aac,75154263,30088
Agriculture and Agri-Food Canada,aafc-aac,55919660,3896
Administrative Tribunals Support Service of Canada,atssc-scdata,22542037,49118
Accessibility Standards Canada,atssc-scdata,51443502,78239
Agriculture and Agri-Food Canada,atssc-scdata,23036708,48801
Administrative Tribunals Support Service of Canada,casdo-ocena,8870296,87273
Agriculture and Agri-Food Canada,aafc-aac,63925439,17744
Administrative Tribunals Support Service of Canada,aafc-aac,63103370,49192
Administrative Tribunals Support Service of Canada,aafc-aac,81489235,6376
Agriculture and Agri-Food Canada,aafc-aac,25809737,10458
Administrative Tribunals Support Service of Canada,casdo-ocena,26061500,61855
Agriculture and Agri-Food Canada,casdo-ocena,29232377,5760
Agriculture and Agri-Food Canada,aafc-aac,69313542,61432
Agriculture and Agri-Food Canada,casdo-ocena,12013453,27729
Agriculture and Agri-Food Canada,aafc-aac,84046898,57178
Administrative Tribunals Support Service of Canada,atssc-scdata,30393929,91057
Administrative Tribunals Support Service of Canada,aafc-aac,94368135,85804
Agriculture and Agri-Food Canada,aafc-aac,42794706,44290
Accessibility Standards Canada,atssc-scdata,61901889,33371
Administrative Tribunals Support Service of Canada,casdo-ocena,99421088,49162
Agriculture and Agri-Food Canada,aafc-aac,11810626,49706
Administrative Tribunals Support Service of Canada,casdo-ocena,81810587,66158
Administrative Tribunals Support Service of Canada,casdo-ocena,34703121,10901
Administrative Tribunals Support Service of Canada,atssc-scdata,10186555,57483
Administrative Tribunals Support Service of Canada,casdo-ocena,58213706,84774
Agriculture and Agri-Food Canada,atssc-scdata,36189418,22618
Accessibility Standards Canada,aafc-aac,86108429,48515
Accessibility Standards Canada,casdo-ocena,42006786,95212
Agriculture and Agri-Food Canada,atssc-scdata,47706324,37495
Administrative Tribunals Support Service of Canada,aafc-aac,36008057,11247
Accessibility Standards Canada,atssc-scdata,84680676,88440
Administrative Tribunals Support Service of Canada,casdo-ocena,82429767,59477
Administrative Tribunals Support Service of Canada,aafc-aac,95383086,28348
Administrative Tribunals Support Service of Canada,aafc-aac,38005792,61510
Administrative Tribunals Support Service of Canada,casdo-ocena,87245618,91831
Agriculture and Agri-Food Canada,atssc-scdata,83772558,46396
Accessibility Standards Canada,casdo-ocena,45041632,66435
Accessibility Standards Canada,atssc-scdata,42758785,78715
Agriculture and Agri-Food Canada,atssc-scdata,35245460,78125
Agriculture and Agri-Food Canada,casdo-ocena,70827389,88664
Administrative Tribunals Support Service of Canada,atssc-scdata,6728573,58519
Agriculture and Agri-Food Canada,aafc-aac,81235328,25955
Agriculture and Agri-Food Canada,atssc-scdata,72269333,84906
Accessibility Standards Canada,casdo-ocena,95704273,63260
Agriculture and Agri-Food Canada,atssc-scdata,97857348,89524
Agriculture and Agri-Food Canada,atssc-scdata,45677306,27613
Administrative Tribunals Support Service of Canada,casdo-ocena,13962009,24305
Administrative Tribunals Support Service of Canada,casdo-ocena,58931849,6044
Agriculture and Agri-Food Canada,casdo-ocena,98982580,24183
Agriculture and Agri-Food Canada,aafc-aac,88525178,91663
Administrative Tribunals Support Service of Canada,aafc-aac,13624754,67699
Administrative Tribunals Support Service of Canada,casdo-ocena,77687486,7888
Agriculture and Agri-Food Canada,atssc-scdata,69161021,71937
Agriculture and Agri-Food Canada,casdo-ocena,41134895,32369
Agriculture and Agri-Food Canada,atssc-scdata,6795333,10881
Accessibility Standards Canada,atssc-scdata,63429823,48490
Agriculture and Agri-Food Canada,casdo-ocena,52815336,99531
Accessibility Standards Canada,aafc-aac,87956266,11292
Accessibility Standards Canada,casdo-ocena,49273797,72492
Administrative Tribunals Support Service of Canada,casdo-ocena,54882119,99591
Administrative Tribunals Support Service of Canada,aafc-aac,46351326,94023
Accessibility Standards Canada,aafc-aac,97040082,85030
Agriculture and Agri-Food Canada,atssc-scdata,38289529,80880
Agriculture and Agri-Food Canada,atssc-scdata,75397634,61029
Agriculture and Agri-Food Canada,aafc-aac,95638608,35795
Accessibility Standards Canada,casdo-ocena,8017426,61606
Accessibility Standards Canada,aafc-aac,60852500,53447
Agriculture and Agri-Food Canada,aafc-aac,26736503,4383
Agriculture and Agri-Food Canada,casdo-ocena,76731914,27926
Accessibility Standards Canada,aafc-aac,94012062,5478
Agriculture and Agri-Food Canada,casdo-ocena,78115112,85431
Agriculture and Agri-Food Canada,casdo-ocena,51974311,19393
Accessibility Standards Canada,atssc-scdata,45914058,60074
Administrative Tribunals Support Service of Canada,aafc-aac,17519025,19996
Accessibility Standards Canada,casdo-ocena,64392097,76862
Administrative Tribunals Support Service of Canada,casdo-ocena,85615850,89959
Administrative Tribunals Support Service of Canada,atssc-scdata,19927068,84711
Accessibility Standards Canada,atssc-scdata,22876024,42046
Administrative Tribunals Support Service of Canada,aafc-aac,16624470,58453
Agriculture and Agri-Food Canada,atssc-scdata,12499054,2602
Accessibility Standards Canada,atssc-scdata,74008345,64773
Accessibility Standards Canada,atssc-scdata,41660532,77562
Accessibility Standards Canada,aafc-aac,95434222,83133
Agriculture and Agri-Food Canada,casdo-ocena,9805867,59631
Agriculture and Agri-Food Canada,casdo-ocena,89382301,57996
Agriculture and Agri-Food Canada,casdo-ocena,5238957,93757
Agriculture and Agri-Food Canada,atssc-scdata,80129750,15501
Agriculture and Agri-Food Canada,atssc-scdata,8100230,79658
Administrative Tribunals Support Service of Canada,casdo-ocena,43479352,41340
Accessibility Standards Canada,atssc-scdata,51779041,30919
Accessibility Standards Canada,casdo-ocena,29147561,79924
Accessibility Standards Canada,atssc-scdata,20289202,65687
Agriculture and Agri-Food Canada,casdo-ocena,44480628,19626
Administrative Tribunals Support Service of Canada,aafc-aac,49273001,65758
Administrative Tribunals Support Service of Canada,atssc-scdata,94355150,27319
Agriculture and Agri-Food Canada,casdo-ocena,39461082,68407
Accessibility Standards Canada,aafc-aac,44264824,73903
Accessibility Standards Canada,aafc-aac,45406689,5180
Agriculture and Agri-Food Canada,atssc-scdata,91500982,48076
Accessibility Standards Canada,casdo-ocena,61150784,1710
Accessibility Standards Canada,aafc-aac,96273956,38073
Administrative Tribunals Support Service of Canada,casdo-ocena,40218227,31891
Administrative Tribunals Support Service of Canada,atssc-scdata,88625088,4736
Administrative Tribunals Support Service of Canada,atssc-scdata,9942774,15724
Administrative Tribunals Support Service of Canada,casdo-ocena,81974153,19599
Administrative Tribunals Support Service of Canada,casdo-ocena,20929343,73843
Agriculture and Agri-Food Canada,atssc-scdata,61861919,64799
Agriculture and Agri-Food Canada,aafc-aac,50139148,12672
Agriculture and Agri-Food Canada,aafc-aac,93383323,66901
Accessibility Standards Canada,casdo-ocena,18878527,10798
Agriculture and Agri-Food Canada,casdo-ocena,8832428,72971
Accessibility Standards Canada,aafc-aac,95014545,9382
Agriculture and Agri-Food Canada,casdo-ocena,81972493,4540
Administrative Tribunals Support Service of Canada,aafc-aac,19926136,38282
Agriculture and Agri-Food Canada,atssc-scdata,77970252,20645
Agriculture and Agri-Food Canada,casdo-ocena,53361262,88367
Administrative Tribunals Support Service of Canada,casdo-ocena,60018347,34850
Agriculture and Agri-Food Canada,aafc-aac,37828150,63205
Administrative Tribunals Support Service of Canada,aafc-aac,35152656,98652
Administrative Tribunals Support Service of Canada,atssc-scdata,52354948,46525
Administrative Tribunals Support Service of Canada,atssc-scdata,42732133,37249
Accessibility Standards Canada,atssc-scdata,48550922,1186
Agriculture and Agri-Food Canada,atssc-scdata,97932868,11655
Agriculture and Agri-Food Canada,aafc-aac,98809949,99662
Accessibility Standards Canada,casdo-ocena,81302811,96986
Administrative Tribunals Support Service of Canada,aafc-aac,12506081,77522
Administrative Tribunals Support Service of Canada,casdo-ocena,30917376,29022
Accessibility Standards Canada,aafc-aac,95444338,53660
Agriculture and Agri-Food Canada,aafc-aac,27300833,80315
Accessibility Standards Canada,casdo-ocena,88920351,89112
Accessibility Standards Canada,casdo-ocena,15523072,79441
Administrative Tribunals Support Service of Canada,atssc-scdata,19916031,60532
Administrative Tribunals Support Service of Canada,atssc-scdata,41221308,3243
Administrative Tribunals Support Service of Canada,casdo-ocena,48654334,81997
Agriculture and Agri-Food Canada,atssc-scdata,86269640,42397
Agriculture and Agri-Food Canada,aafc-aac,42942599,38266
Accessibility Standards Canada,casdo-ocena,72874678,19047
Agriculture and Agri-Food Canada,aafc-aac,91552462,6301
Agriculture and Agri-Food Canada,casdo-ocena,20448798,45354
Administrative Tribunals Support Service of Canada,casdo-ocena,85871618,72956
Administrative Tribunals Support Service of Canada,atssc-scdata,83533838,92048
Administrative Tribunals Support Service of Canada,casdo-ocena,17456908,72444
Agriculture and Agri-Food Canada,casdo-ocena,96703479,92615
Agriculture and Agri-Food Canada,casdo-ocena,60023299,43931
Administrative Tribunals Support Service of Canada,atssc-scdata,69338589,61871
Agriculture and Agri-Food Canada,atssc-scdata,79326642,86732
Administrative Tribunals Support Service of Canada,atssc-scdata,56905578,75838
Administrative Tribunals Support Service of Canada,casdo-ocena,5881709,96141
Accessibility Standards Canada,casdo-ocena,45889374,16119
Administrative Tribunals Support Service of Canada,atssc-scdata,36496860,35780
Accessibility Standards Canada,casdo-ocena,89803035,37652
Agriculture and Agri-Food Canada,aafc-aac,64168649,18234
Accessibility Standards Canada,atssc-scdata,90509982,87858
Agriculture and Agri-Food Canada,atssc-scdata,54376548,76964
Accessibility Standards Canada,casdo-ocena,38139096,20375
Accessibility Standards Canada,aafc-aac,62333963,2778
Accessibility Standards Canada,casdo-ocena,74748096,1910
Administrative Tribunals Support Service of Canada,casdo-ocena,30203892,56687
Agriculture and Agri-Food Canada,casdo-ocena,68110564,64399
Accessibility Standards Canada,atssc-scdata,42207548,4347
Administrative Tribunals Support Service of Canada,casdo-ocena,25456018,18348
Administrative Tribunals Support Service of Canada,aafc-aac,19773873,39059
Administrative Tribunals Support Service of Canada,casdo-ocena,47392672,9920
Administrative Tribunals Support Service of Canada,casdo-ocena,28429382,65808
Agriculture and Agri-Food Canada,aafc-aac,75449336,9997
Administrative Tribunals Support Service of Canada,casdo-ocena,23789272,81360
Administrative Tribunals Support Service of Canada,aafc-aac,51069992,24581
Administrative Tribunals Support Service of Canada,casdo-ocena,91280593,92619
Administrative Tribunals Support Service of Canada,aafc-aac,7455298,39391
Agriculture and Agri-Food Canada,aafc-aac,38634718,98943
Agriculture and Agri-Food Canada,atssc-scdata,66898066,90837
Agriculture and Agri-Food Canada,casdo-ocena,76787095,45494
Accessibility Standards Canada,aafc-aac,62281801,19154
Accessibility Standards Canada,casdo-ocena,27481346,18478
Administrative Tribunals Support Service of Canada,atssc-scdata,96059897,8728
Agriculture and Agri-Food Canada,aafc-aac,42629721,19861
Accessibility Standards Canada,atssc-scdata,44535306,77392
Accessibility Standards Canada,atssc-scdata,76030416,23892
Administrative Tribunals Support Service of Canada,aafc-aac,83056605,27430
Agriculture and Agri-Food Canada,aafc-aac,96758057,61672
Accessibility Standards Canada,aafc-aac,31976099,33641
Accessibility Standards Canada,aafc-aac,38358438,69584
Accessibility Standards Canada,aafc-aac,20175768,64891
Agriculture and Agri-Food Canada,casdo-ocena,12858894,3902
Administrative Tribunals Support Service of Canada,atssc-scdata,26813149,48610
Agriculture and Agri-Food Canada,casdo-ocena,47184486,81516
Accessibility Standards Canada,casdo-ocena,11687726,66421
Administrative Tribunals Support Service of Canada,casdo-ocena,95886368,8178
Agriculture and Agri-Food Canada,casdo-ocena,24141332,51377
Agriculture and Agri-Food Canada,aafc-aac,98574493,63658
Administrative Tribunals Support Service of Canada,atssc-scdata,13712325,17473
Administrative Tribunals Support Service of Canada,aafc-aac,60176606,65960
Administrative Tribunals Support Service of Canada,casdo-ocena,91310201,3447
Agriculture and Agri-Food Canada,aafc-aac,96291182,94988
Administrative Tribunals Support Service of Canada,aafc-aac,14652896,46285
Administrative Tribunals Support Service of Canada,casdo-ocena,85767119,23721
Administrative Tribunals Support Service of Canada,casdo-ocena,55720803,39078
Accessibility Standards Canada,aafc-aac,80904577,4914
Accessibility Standards Canada,casdo-ocena,38619757,2048
Agriculture and Agri-Food Canada,atssc-scdata,52788893,11991
Agriculture and Agri-Food Canada,atssc-scdata,87736214,31508
Agriculture and Agri-Food Canada,atssc-scdata,5711654,56669
Accessibility Standards Canada,aafc-aac,28121553,77110
Accessibility Standards Canada,casdo-ocena,62248569,48208
Accessibility Standards Canada,casdo-ocena,81987946,37279
Administrative Tribunals Support Service of Canada,casdo-ocena,46989408,50724
Agriculture and Agri-Food Canada,aafc-aac,21319715,59455
Agriculture and Agri-Food Canada,atssc-scdata,40076404,40106
Agriculture and Agri-Food Canada,casdo-ocena,84291623,95285
Agriculture and Agri-Food Canada,aafc-aac,88989892,53268
Accessibility Standards Canada,atssc-scdata,87010710,73784
Administrative Tribunals Support Service of Canada,casdo-ocena,23327504,22728
Agriculture and Agri-Food Canada,casdo-ocena,6256915,53924
Accessibility Standards Canada,aafc-aac,34476833,23026
Agriculture and Agri-Food Canada,aafc-aac,28586509,17161
Agriculture and Agri-Food Canada,aafc-aac,33064246,88122
Accessibility Standards Canada,aafc-aac,47306207,29083
Administrative Tribunals Support Service of Canada,atssc-scdata,10913686,91521
Administrative Tribunals Support Service of Canada,atssc-scdata,55627231,93058
Administrative Tribunals Support Service of Canada,aafc-aac,63658998,49114
Administrative Tribunals Support Service of Canada,casdo-ocena,6230218,87220
Agriculture and Agri-Food Canada,atssc-scdata,70544769,44293
Accessibility Standards Canada,aafc-aac,71346207,59450
Accessibility Standards Canada,atssc-scdata,5217735,28432
Agriculture and Agri-Food Canada,atssc-scdata,93125019,38837
Agriculture and Agri-Food Canada,atssc-scdata,30306894,60521
Agriculture and Agri-Food Canada,aafc-aac,71406086,37880
Agriculture and Agri-Food Canada,atssc-scdata,55992298,43926
Administrative Tribunals Support Service of Canada,casdo-ocena,5869850,52639
Administrative Tribunals Support Service of Canada,aafc-aac,69694949,5705
Administrative Tribunals Support Service of Canada,atssc-scdata,68689820,31942
Agriculture and Agri-Food Canada,casdo-ocena,95482484,86871
Accessibility Standards Canada,aafc-aac,52206941,98458
Administrative Tribunals Support Service of Canada,aafc-aac,73309626,83928
Accessibility Standards Canada,casdo-ocena,34081740,15430
Accessibility Standards Canada,casdo-ocena,76313109,20171
Accessibility Standards Canada,aafc-aac,89982800,53380
Administrative Tribunals Support Service of Canada,casdo-ocena,40537417,66183
Administrative Tribunals Support Service of Canada,aafc-aac,62054874,84260
Administrative Tribunals Support Service of Canada,casdo-ocena,57884923,62801
Accessibility Standards Canada,atssc-scdata,19650067,19205
Accessibility Standards Canada,casdo-ocena,44547420,32548
Agriculture and Agri-Food Canada,aafc-aac,48353685,70535
Agriculture and Agri-Food Canada,aafc-aac,67356738,93467
Accessibility Standards Canada,casdo-ocena,86863811,55455
Agriculture and Agri-Food Canada,atssc-scdata,86934721,65969
Accessibility Standards Canada,atssc-scdata,76748353,82733
Accessibility Standards Canada,atssc-scdata,86483322,3102
Administrative Tribunals Support Service of Canada,casdo-ocena,35899914,65687
Agriculture and Agri-Food Canada,atssc-scdata,89693520,23131
Agriculture and Agri-Food Canada,aafc-aac,85327248,59807
Agriculture and Agri-Food Canada,aafc-aac,58863515,94055
Administrative Tribunals Support Service of Canada,atssc-scdata,91925157,83430
Agriculture and Agri-Food Canada,aafc-aac,22633277,9507
Accessibility Standards Canada,aafc-aac,7454005,59615
Administrative Tribunals Support Service of Canada,casdo-ocena,34003642,18838
Agriculture and Agri-Food Canada,casdo-ocena,42488851,44876
Administrative Tribunals Support Service of Canada,casdo-ocena,86156222,85724
Administrative Tribunals Support Service of Canada,atssc-scdata,8204601,32746
Administrative Tribunals Support Service of Canada,aafc-aac,5774007,21594
Accessibility Standards Canada,atssc-scdata,60448072,72241
Agriculture and Agri-Food Canada,atssc-scdata,23922452,72485
Agriculture and Agri-Food Canada,aafc-aac,60552822,22150
Administrative Tribunals Support Service of Canada,casdo-ocena,90172124,85590
Agriculture and Agri-Food Canada,aafc-aac,67207483,26047
Agriculture and Agri-Food Canada,atssc-scdata,58898677,80684
Administrative Tribunals Support Service of Canada,casdo-ocena,52564370,4894
Agriculture and Agri-Food Canada,casdo-ocena,23417937,27880
Accessibility Standards Canada,atssc-scdata,27997235,96764
Administrative Tribunals Support Service of Canada,casdo-ocena,62405699,84888
Agriculture and Agri-Food Canada,aafc-aac,97650772,98498
Administrative Tribunals Support Service of Canada,casdo-ocena,36609294,96535
Agriculture and Agri-Food Canada,atssc-scdata,74654236,28170
Administrative Tribunals Support Service of Canada,atssc-scdata,89315145,37275
Accessibility Standards Canada,aafc-aac,55314895,33666
Accessibility Standards Canada,atssc-scdata,27604869,2185
Administrative Tribunals Support Service of Canada,aafc-aac,52777520,97967
Administrative Tribunals Support Service of Canada,aafc-aac,31945601,71334
Administrative Tribunals Support Service of Canada,aafc-aac,73557135,18333
Accessibility Standards Canada,casdo-ocena,52959960,40012
Administrative Tribunals Support Service of Canada,casdo-ocena,72451832,85797
Agriculture and Agri-Food Canada,atssc-scdata,40356112,72150
Agriculture and Agri-Food Canada,atssc-scdata,49053113,29796
Accessibility Standards Canada,casdo-ocena,62054580,42853
Accessibility Standards Canada,aafc-aac,65367539,28305
Accessibility Standards Canada,aafc-aac,9728570,99631
Administrative Tribunals Support Service of Canada,atssc-scdata,44532658,2755
Accessibility Standards Canada,casdo-ocena,25028410,33423
Administrative Tribunals Support Service of Canada,atssc-scdata,32162210,79503
Administrative Tribunals Support Service of Canada,atssc-scdata,32790271,52163
Administrative Tribunals Support Service of Canada,casdo-ocena,47999188,98874
Administrative Tribunals Support Service of Canada,aafc-aac,50754493,39314
Accessibility Standards Canada,aafc-aac,44647336,12313
Accessibility Standards Canada,aafc-aac,58365415,57903
Accessibility Standards Canada,atssc-scdata,26230373,12066
Administrative Tribunals Support Service of Canada,aafc-aac,16230861,64919
Agriculture and Agri-Food Canada,aafc-aac,10732084,45791
Agriculture and Agri-Food Canada,atssc-scdata,43526542,47727
Accessibility Standards Canada,atssc-scdata,82455046,42240
Accessibility Standards Canada,atssc-scdata,85546193,17399
Agriculture and Agri-Food Canada,casdo-ocena,70888227,927
Agriculture and Agri-Food Canada,casdo-ocena,28559877,88714
Agriculture and Agri-Food Canada,aafc-aac,93266174,71121
Administrative Tribunals Support Service of Canada,casdo-ocena,64406095,71329
Agriculture and Agri-Food Canada,aafc-aac,30191150,42430
Administrative Tribunals Support Service of Canada,aafc-aac,67023893,96796
Accessibility Standards Canada,casdo-ocena,11459859,81804
Administrative Tribunals Support Service of Canada,aafc-aac,32058787,32569
Administrative Tribunals Support Service of Canada,atssc-scdata,14473096,27668
Accessibility Standards Canada,casdo-ocena,49241792,22960
Administrative Tribunals Support Service of Canada,atssc-scdata,16699106,70036
Administrative Tribunals Support Service of Canada,aafc-aac,51396444,1434
Administrative Tribunals Support Service of Canada,atssc-scdata,20580644,95845
Accessibility Standards Canada,casdo-ocena,81834370,99672
Accessibility Standards Canada,casdo-ocena,54684627,45734
Administrative Tribunals Support Service of Canada,casdo-ocena,12810127,53630
Accessibility Standards Canada,atssc-scdata,17237410,41239
Administrative Tribunals Support Service of Canada,casdo-ocena,93625300,73262
Accessibility Standards Canada,aafc-aac,8712651,18069
Accessibility Standards Canada,aafc-aac,11879450,10561
Administrative Tribunals Support Service of Canada,atssc-scdata,32239419,1214
Administrative Tribunals Support Service of Canada,casdo-ocena,18781336,93593
Administrative Tribunals Support Service of Canada,atssc-scdata,50217450,8006
Accessibility Standards Canada,aafc-aac,73959354,27318
Accessibility Standards Canada,casdo-ocena,17395419,8339
Accessibility Standards Canada,casdo-ocena,89997295,72853
Administrative Tribunals Support Service of Canada,casdo-ocena,78326095,7324
Accessibility Standards Canada,aafc-aac,35881900,90297
Agriculture and Agri-Food Canada,atssc-scdata,13196583,99518
Administrative Tribunals Support Service of Canada,casdo-ocena,99389021,10468
Administrative Tribunals Support Service of Canada,casdo-ocena,92016090,85583
Agriculture and Agri-Food Canada,atssc-scdata,86223227,57062
Administrative Tribunals Support Service of Canada,atssc-scdata,31981853,38409
Administrative Tribunals Support Service of Canada,atssc-scdata,93726386,74250
Agriculture and Agri-Food Canada,atssc-scdata,77095583,807
Agriculture and Agri-Food Canada,casdo-ocena,86907853,58465
Accessibility Standards Canada,casdo-ocena,52298798,10399
Administrative Tribunals Support Service of Canada,casdo-ocena,28327163,26071
Accessibility Standards Canada,aafc-aac,70341061,28200
Accessibility Standards Canada,aafc-aac,97797910,4725
Administrative Tribunals Support Service of Canada,atssc-scdata,10220768,4095
Agriculture and Agri-Food Canada,atssc-scdata,8951639,33917
Administrative Tribunals Support Service of Canada,atssc-scdata,5515424,954
Accessibility Standards Canada,casdo-ocena,96178763,95378
Accessibility Standards Canada,atssc-scdata,28162029,78498
Administrative Tribunals Support Service of Canada,casdo-ocena,77244859,69031
Administrative Tribunals Support Service of Canada,aafc-aac,54752392,33410
Administrative Tribunals Support Service of Canada,atssc-scdata,8282447,61683
Agriculture and Agri-Food Canada,casdo-ocena,63365268,10089
Accessibility Standards Canada,aafc-aac,66006602,7922
Agriculture and Agri-Food Canada,aafc-aac,69650517,91278
Administrative Tribunals Support Service of Canada,casdo-ocena,44071685,9591
Accessibility Standards Canada,casdo-ocena,82159247,81219
Agriculture and Agri-Food Canada,aafc-aac,70748532,91393
Agriculture and Agri-Food Canada,aafc-aac,27085861,93850
Accessibility Standards Canada,aafc-aac,25526482,20185
Agriculture and Agri-Food Canada,casdo-ocena,17542818,4450
Agriculture and Agri-Food Canada,casdo-ocena,80777013,22894
Administrative Tribunals Support Service of Canada,casdo-ocena,33029541,48756
Accessibility Standards Canada,aafc-aac,87369489,17549
Agriculture and Agri-Food Canada,atssc-scdata,33771518,54940
Accessibility Standards Canada,aafc-aac,72989285,96771
Accessibility Standards Canada,atssc-scdata,90135553,60775
Accessibility Standards Canada,casdo-ocena,51966541,81529
Agriculture and Agri-Food Canada,aafc-aac,13393710,27214
Administrative Tribunals Support Service of Canada,atssc-scdata,77452584,15680
Accessibility Standards Canada,atssc-scdata,13059993,75606
Accessibility Standards Canada,aafc-aac,16795018,19815
Administrative Tribunals Support Service of Canada,aafc-aac,44004813,59379
Accessibility Standards Canada,atssc-scdata,95563320,39616
Accessibility Standards Canada,aafc-aac,90569863,54521
Administrative Tribunals Support Service of Canada,aafc-aac,87357351,88775
Accessibility Standards Canada,atssc-scdata,51226124,80764
Administrative Tribunals Support Service of Canada,casdo-ocena,93034991,25983
Administrative Tribunals Support Service of Canada,atssc-scdata,13456147,25265
Accessibility Standards Canada,casdo-ocena,19637677,82813
Administrative Tribunals Support Service of Canada,atssc-scdata,99852591,19037
Agriculture and Agri-Food Canada,aafc-aac,52274346,70085
Agriculture and Agri-Food Canada,casdo-ocena,89829098,54408
Agriculture and Agri-Food Canada,aafc-aac,15163549,63142
Agriculture and Agri-Food Canada,atssc-scdata,17906438,25135
Agriculture and Agri-Food Canada,casdo-ocena,98608140,79905
Administrative Tribunals Support Service of Canada,casdo-ocena,85067450,77259
Agriculture and Agri-Food Canada,aafc-aac,92213209,66101
